CarNumber,SURNAME
Y163O8161RUS,COOPER
E432XX77RUS,PRICE
7184TT36RUS,PARKER
X582HE161RUS,LONG
92918M178RUS,EDWARDS
H234YH197RUS,ROSS
E40577152RUS,RUIZ
707987163RUS,MENDOZA
K330T8197RUS,MARTINEZ
X786CO96RUS,FLORES
C477M7161RUS,ADAMS
O21997197RUS,JACKSON
M592CH197RUS,MURPHY
9020YC197RUS,BENNETT
8182XX154RUS,ROSS
7830C8197RUS,FLORES
7066C8197RUS,FLORES
M298CH161RUS,BAILEY
E445TC197RUS,YOUNG
8440XX154RUS,RICHARDSON
9371CE154RUS,THOMAS
9182CE154RUS,NGUYEN
83298C154RUS,ANDERSON
Y7659C197RUS,HARRIS
C922YE197RUS,MARTIN
7364C8197RUS,CASTILLO
M5039X197RUS,WILLIAMS
8603T8154RUS,HUGHES
92928M178RUS,COOK
O672E8197RUS,SANCHEZ
E42277152RUS,CHAVEZ
C903MC161RUS,WARD
T7318T163RUS,LEE
Y7719C197RUS,MORALES
T011MY163RUS,HILL
H115YO163RUS,LOPEZ
73467Y96RUS,CRUZ
O134HE197RUS,ANDERSON
H968HY161RUS,TAYLOR
Y654E8750RUS,FLORES
H963HY161RUS,ROGERS
H232YH197RUS,DIAZ
7843C8197RUS,WILSON
X791O796RUS,TORRES
H958HY161RUS,ROBERTS
708587163RUS,ROBINSON
Y973O8197RUS,MURPHY
97977H178RUS,REYES
H917TC36RUS,CHAVEZ
Y7709C197RUS,LONG
8513XX154RUS,SANDERS
T870X7163RUS,DIAZ
8818C877RUS,WARD
T395OT197RUS,THOMPSON
K327T8197RUS,JOHNSON
8311XX154RUS,HUGHES
X423MK197RUS,LEE
96429X178RUS,JAMES
O275O7161RUS,YOUNG
7789KT197RUS,JAMES
E28877161RUS,ALVAREZ
T6068M116RUS,CAMPBELL
9498KX178RUS,REED
99209X178RUS,YOUNG
T6449O50RUS,MARTIN
9683EC178RUS,MARTIN
Y353O8197RUS,MORALES
O719MM163RUS,RIVERA
E535MM199RUS,EVANS
Y352O8197RUS,NELSON
7788KT197RUS,MORALES
E807HE77RUS,ORTIZ
M516CH161RUS,CRUZ
89587X197RUS,COX
7781KT197RUS,HILL
E645TH36RUS,WARD
Y302E877RUS,HILL
M058XE36RUS,MYERS
8166XX154RUS,GUTIERREZ
M589CH197RUS,CARTER
9408H7178RUS,BENNETT
H387TM197RUS,SANCHEZ
8049HT125RUS,RODRIGUEZ
9698MO178RUS,JACKSON
8685HE154RUS,PRICE
7177TT36RUS,PHILLIPS
O77997197RUS,TORRES
Y234E877RUS,WILLIAMS
97987H178RUS,JOHNSON
X257HE161RUS,WRIGHT
T399KX197RUS,WILSON
H957HY161RUS,MYERS
K379HY161RUS,THOMPSON
T654HT96RUS,MARTIN
8439XX154RUS,JACKSON
Y965EE197RUS,FOSTER
X758HY197RUS,THOMAS
M0279X197RUS,COOPER
H224X836RUS,BENNETT
E6849O154RUS,RUIZ
O83797197RUS,RODRIGUEZ
9402KK197RUS,LOPEZ
7368C8197RUS,SCOTT
H427YH197RUS,BAKER
9583EY178RUS,GARCIA
Y038E877RUS,GRAY
9822H8161RUS,JONES
7826C8197RUS,COX
E160YX77RUS,BENNETT
82337X197RUS,HERNANDEZ
X757HY197RUS,TORRES
X765HY197RUS,WRIGHT
934497178RUS,RIVERA
K2807K154RUS,LONG
T8008Y125RUS,GARCIA
Y960EE197RUS,WILLIAMS
7840C8197RUS,MILLER
K846YE77RUS,REYES
7827C8197RUS,ALVAREZ
Y655E8750RUS,EDWARDS
H003MH197RUS,SCOTT
Y7699C197RUS,ROSS
Y8399C197RUS,THOMPSON
9135X938RUS,NELSON
H385TM197RUS,KELLY
9428EX178RUS,MURPHY
H837YK197RUS,SMITH
O83597197RUS,GUTIERREZ
E42577152RUS,MITCHELL
E53277152RUS,GONZALEZ
C476M7161RUS,ROBINSON
9943KK197RUS,ALLEN
8165XX154RUS,PRICE
T476KX197RUS,WILLIAMS
C422X938RUS,ALVAREZ
K328T8197RUS,MYERS
9466EX178RUS,PATEL
X256HE161RUS,STEWART
Y275O8197RUS,MURPHY
H217X836RUS,GARCIA
Y316E877RUS,JOHNSON
8601XX154RUS,WILLIAMS
M741T9152RUS,TURNER
9883HX152RUS,CLARK
Y6829Y50RUS,CAMPBELL
H004MH197RUS,CAMPBELL
704987163RUS,ALVAREZ
E316EH197RUS,KING
O22297197RUS,COLLINS
O02597197RUS,TAYLOR
X015HY197RUS,PEREZ
T769OT197RUS,CHAVEZ
Y778EE197RUS,MITCHELL
7829C8197RUS,HARRIS
T272HH163RUS,MARTIN
T018OX197RUS,EDWARDS
Y255E877RUS,COOPER
9697MO178RUS,CRUZ
T686EO197RUS,JACKSON
C590EY154RUS,RAMOS
T941CC96RUS,MORALES
O22397197RUS,BAILEY
X242EC197RUS,REED
T020OX197RUS,THOMAS
E33577152RUS,RODRIGUEZ
E773EH197RUS,ROSS
T6428M116RUS,ADAMS
Y7129Y50RUS,LEWIS
Y418EX197RUS,BENNETT
Y7689C197RUS,ROBINSON
E52877152RUS,COX
7369C8197RUS,REED
Y166O8161RUS,GARCIA
705287163RUS,RAMIREZ
K559KC161RUS,HALL
M0299X197RUS,BAILEY
84418C154RUS,JAMES
E53488152RUS,GUTIERREZ
90159H178RUS,TURNER
C798ET50RUS,GREEN
Y193O8161RUS,MARTINEZ
7248C8197RUS,MOORE
K357YE77RUS,WHITE
E0697X152RUS,CAMPBELL
E40877152RUS,NELSON
Y351O8197RUS,MARTINEZ
Y356O8197RUS,RICHARDSON
O6939X163RUS,WILSON
Y7649C197RUS,HALL
9935TE152RUS,RAMIREZ
704687163RUS,MILLER
7197TT36RUS,MORGAN
O143HO197RUS,BENNETT
K436MO152RUS,SANCHEZ
9938OH154RUS,WOOD
E34877152RUS,HOWARD
E5878M777RUS,HALL
7844C8197RUS,YOUNG
C584EY154RUS,CARTER
E28977161RUS,BROOKS
T016OX197RUS,BROOKS
H889YK197RUS,SANCHEZ
7363C8197RUS,ROBERTS
T6039O50RUS,KING
7365C8197RUS,ORTIZ
Y967O8197RUS,ALLEN
E816HE77RUS,PATEL
T6329O50RUS,KING
X504X8197RUS,MENDOZA
M581CH197RUS,JAMES
X523OM161RUS,JOHNSON
C412X938RUS,EVANS
7831C8197RUS,BAILEY
8164XX154RUS,KIM
T6419O50RUS,FOSTER
E822TH36RUS,RAMOS
8437XX154RUS,SANCHEZ
C515X938RUS,REYES
7172TT36RUS,LEE
8436XX154RUS,FLORES
E79988152RUS,JAMES
8180XX154RUS,LOPEZ
84438C154RUS,PARKER
T6309O50RUS,WILSON
T6129O50RUS,BROWN
K339T8197RUS,LONG
X782CO96RUS,MARTIN
E591HE77RUS,REED
9499KX178RUS,TORRES
Y357O8197RUS,RODRIGUEZ
Y652O8197RUS,ORTIZ
X767HY197RUS,ROBERTS
H220X836RUS,PETERSON
H218X836RUS,STEWART
T913CT197RUS,RAMIREZ
T6439O50RUS,PRICE
7784KT197RUS,FOSTER
X286TC36RUS,WALKER
O752MX161RUS,JAMES
Y7449Y50RUS,NGUYEN
92828M178RUS,SANDERS
Y650E8750RUS,WILSON
8321XX154RUS,WRIGHT
8316XX154RUS,ADAMS
T017OX197RUS,HALL
H977HY161RUS,HALL
X522OM161RUS,JIMENEZ
O085E8197RUS,COLLINS
705387163RUS,MORALES
O017KO197RUS,BROOKS
X4138H125RUS,GUTIERREZ
8441XX154RUS,WHITE
M0269X197RUS,RIVERA
T483CT96RUS,LEWIS
T940CC96RUS,CARTER
C58078163RUS,WILLIAMS
O02397197RUS,RAMOS
8611T8154RUS,DIAZ
704787163RUS,HERNANDEZ
C313MM99RUS,PATEL
X763HY197RUS,PRICE
M386M9197RUS,GOMEZ
8605T8154RUS,WILLIAMS
7147OE161RUS,HARRIS
7361C8197RUS,GARCIA
Y359EY197RUS,SMITH
T6559O50RUS,COOK
9469EX178RUS,PRICE
Y6839Y50RUS,DAVIS
H237YH197RUS,MYERS
T948OM96RUS,GONZALEZ
T395KX197RUS,JACKSON
M301CH161RUS,WHITE
9496KX178RUS,LEWIS
T6319O50RUS,KIM
H305T8197RUS,NGUYEN
8201XX154RUS,GRAY
O64297197RUS,COX
9523M8178RUS,JAMES
Y273O8197RUS,GONZALEZ
T6229O50RUS,CRUZ
X023HY197RUS,WILSON
8226XX154RUS,ANDERSON
Y038TO197RUS,SANCHEZ
M0289X197RUS,WATSON
E811HE77RUS,RAMOS
X795O796RUS,ALLEN
O39997197RUS,MARTINEZ
97968K152RUS,ANDERSON
H219X836RUS,NELSON
T6169O50RUS,RAMOS
94178K154RUS,FOSTER
9467EX178RUS,ADAMS
O78097197RUS,MOORE
X5707X161RUS,CAMPBELL
Y232E877RUS,GUTIERREZ
Y388E877RUS,LEE
X255HE161RUS,TORRES
E552MO152RUS,JACKSON
97998K152RUS,CLARK
Y963O8197RUS,ROSS
T477KX197RUS,SANDERS
T2639T116RUS,MILLER
O49797197RUS,BAILEY
O68897197RUS,CRUZ
72457Y96RUS,JOHNSON
7064C8197RUS,MORALES
E948C8152RUS,EVANS
C514X938RUS,RUIZ
C589EY154RUS,SMITH
K899T8197RUS,WARD
T6418M116RUS,THOMPSON
8607XX154RUS,ALLEN
92778M178RUS,MURPHY
T288CT96RUS,BROWN
9886HX152RUS,TORRES
C583EY154RUS,RIVERA
C592EY154RUS,ROBERTS
T6459O50RUS,CRUZ
X759HY197RUS,BAKER
705787163RUS,SANCHEZ
92898M178RUS,NELSON
9671EC178RUS,ORTIZ
M302CH161RUS,LONG
M578CH197RUS,RUIZ
Y207O8161RUS,HERNANDEZ
96659X178RUS,GOMEZ
T912CT197RUS,HOWARD
7183TT36RUS,GREEN
89557X197RUS,ORTIZ
Y359O8197RUS,TORRES
K2817K154RUS,BROOKS
Y964O8197RUS,BENNETT
H967HY161RUS,MENDOZA
E394MO152RUS,PHILLIPS
O50699163RUS,CRUZ
9463EX178RUS,GOMEZ
E53677152RUS,BAKER
K338T8197RUS,ANDERSON
Y4298M777RUS,MARTIN
Y687HM197RUS,PRICE
98037H178RUS,PEREZ
7828C8197RUS,COOK
H980HY161RUS,CARTER
H906YK197RUS,WATSON
7199MT197RUS,MITCHELL
X908XC197RUS,JOHNSON
T171CC96RUS,RAMIREZ
X4108H125RUS,REYES
Y966O8197RUS,MILLER
K2797K154RUS,BROOKS
7089H8163RUS,SANDERS
7841C8197RUS,EDWARDS
9940KK197RUS,BAILEY
H971HY161RUS,HOWARD
H844YH197RUS,MITCHELL
E33477152RUS,ORTIZ
Y156E877RUS,COX
E396MO152RUS,RAMOS
Y969O8197RUS,MARTIN
9028CO161RUS,COOPER
T6249O50RUS,STEWART
E42377152RUS,RUIZ
9941KK197RUS,TURNER
M372CH197RUS,PHILLIPS
K040CC197RUS,EDWARDS
E41577152RUS,RODRIGUEZ
9763HY161RUS,TURNER
T535ET96RUS,MITCHELL
H961HY161RUS,TURNER
M2169X197RUS,WOOD
8234XX154RUS,JIMENEZ
O83697197RUS,WHITE
E52677152RUS,WATSON
8451M7154RUS,ROSS
9589EY178RUS,ALLEN
H907YK197RUS,HOWARD
O39897197RUS,NGUYEN
M3879X197RUS,NELSON
C299K9154RUS,ROBERTS
9468EX178RUS,PATEL
M375CH197RUS,COOPER
H982HY161RUS,WATSON
8224XX154RUS,MITCHELL
Y653E8750RUS,THOMPSON
K558KC161RUS,DIAZ
O058M7161RUS,YOUNG
M256OH161RUS,MORALES
T242H8197RUS,RODRIGUEZ
K27188138RUS,RICHARDSON
96629X178RUS,THOMPSON
9881HX152RUS,HUGHES
T479KX197RUS,BROWN
M680T9152RUS,JOHNSON
C410X938RUS,COX
X762HY197RUS,MITCHELL
9470EX178RUS,SANCHEZ
X4128H125RUS,HUGHES
9762HY161RUS,CLARK
H419XE197RUS,ALVAREZ
98017H178RUS,KELLY
Y780EE197RUS,MURPHY
M580CH197RUS,ALVAREZ
9943OH154RUS,PETERSON
Y354O8197RUS,EDWARDS
7065C8197RUS,CARTER
E28777161RUS,WARD
M701T9152RUS,MILLER
E577HE77RUS,TORRES
92788M178RUS,MENDOZA
9072EM178RUS,CHAVEZ
9409H7178RUS,FOSTER
C3829X154RUS,KELLY
T478KX197RUS,PATEL
T119CT96RUS,RODRIGUEZ
708487163RUS,ROBERTS
H983HY161RUS,PEREZ
7842C8197RUS,GARCIA
O64097197RUS,KIM
Y693HM197RUS,JACKSON
96857X197RUS,LOPEZ
T394KX197RUS,GOMEZ
O49897197RUS,MITCHELL
H963X936RUS,LEE
T341CC96RUS,ANDERSON
9942KK197RUS,SANDERS
9141H8178RUS,MURPHY
7370C8197RUS,RUIZ
9890HX152RUS,RICHARDSON
M268CH197RUS,RICHARDSON
C419X938RUS,YOUNG
M0319X197RUS,JACKSON
M577CH197RUS,JIMENEZ
H975HY161RUS,ADAMS
X018HY197RUS,PETERSON
E33177152RUS,MURPHY
9491H7178RUS,MORRIS
M374CH197RUS,YOUNG
96679X178RUS,DAVIS
9594HY161RUS,EVANS
83218C154RUS,RICHARDSON
9764HY161RUS,SANCHEZ
708187163RUS,LOPEZ
H908YK197RUS,BAKER
Y656E8750RUS,JACKSON
9679EC178RUS,SANDERS
C803KE163RUS,MARTIN
Y7379Y50RUS,LEWIS
X320MK197RUS,JAMES
96907X197RUS,ORTIZ
H235YH197RUS,MYERS
9474EX178RUS,RAMIREZ
Y8259C197RUS,TAYLOR
E29577161RUS,ROBERTS
X761HY197RUS,JACKSON
T396KX197RUS,GARCIA
C593EY154RUS,ROGERS
Y164O8161RUS,ROSS
M942OT152RUS,WARD
Y7429Y50RUS,DAVIS
H976HY161RUS,SMITH
Y195O8161RUS,TORRES
O669E8197RUS,BROOKS
Y187O8161RUS,GUTIERREZ
K329T8197RUS,PARKER
9677MO178RUS,COLLINS
9939KK197RUS,SCOTT
M373CH197RUS,GOMEZ
7164YM36RUS,PRICE
O753MX161RUS,GREEN
T6488M116RUS,EDWARDS
98047H178RUS,DIAZ
9488EY178RUS,MARTIN
O481OH77RUS,REED
K326T8197RUS,EDWARDS
X796TH96RUS,PRICE
Y358O8197RUS,HERNANDEZ
C420X938RUS,PATEL
Y965O8197RUS,HUGHES
Y274O8197RUS,DAVIS
E223YM197RUS,COLLINS
Y964EE197RUS,BAKER
T6049O50RUS,RAMIREZ
H259HY161RUS,JONES
Y344E877RUS,CHAVEZ
K889HY161RUS,THOMPSON
H214X836RUS,PEREZ
O421OT161RUS,ALVAREZ
7360C8197RUS,REYES
Y194O8161RUS,MYERS
T6359O50RUS,KING
E29677161RUS,MARTINEZ
T020MM116RUS,WILSON
9502XX38RUS,JACKSON
8521XX154RUS,PARKER
K376HE161RUS,PARKER
7193TT36RUS,HUGHES
O785T9163RUS,HILL
H618YC38RUS,ROBERTS
9068EM178RUS,PARKER
7783KT197RUS,LEE
Y305E877RUS,MENDOZA
E881OT197RUS,EVANS
O718MM163RUS,ROGERS
9975CC77RUS,ALLEN
T195OK161RUS,PATEL
T914CT197RUS,LEE
E41977152RUS,EVANS
9464EX178RUS,MURPHY
O50197197RUS,MURPHY
7608EE777RUS,BROWN
OWNER001RUS,PETROV
OWNER002RUS,SIDOROV
OWNER003RUS,FEDOROV
